地点,纬度,经度,上下文
洋号,,,长得高，农业学生开头是念“人、手、足、刀、尺”，顶大的也不过十六七岁。那高等小学的学生却不同了，吹着洋号，竟有二十四岁的，在乡下私学馆里已经教了四五年的书了，现在才来上高等小学。也有在粮栈里当了二年的管账
两岸,29.7687396,118.8202777,就试探着冒险地赶着车从上边过去了，还有些次勇敢者，看着别人过去，也就跟着过去了。一来二去的，这坑子的两岸，就压成车轮经过的车辙了。那再后来者，一看，前边已经有人走在先了，这懦怯者比之勇敢的人更勇敢，赶着车
马没有,,,"马洗了一个脸。
看热闹的也有来的，也有去的。
第二天大家都说：
“那大水泡子又淹死了一匹马。”
虽然马没有死，一哄起来就说马死了。若不这样说，觉得那大泥坑也太没有什么威严了。
在这大泥坑上翻车的事情不知有多"
东抓抓,24.2506856,120.7195022,"之后，总算是过去了。弄得满头流汗，满身发烧，那都不说。再说那后来的人，依法炮制，那花样也不多，也只是东抓抓，西摸摸。弄了五六分钟之后，又过去了。
一过去了可就精神饱满，哈哈大笑着，回头向那后来的人，向那正在"
西摸摸,,,"算是过去了。弄得满头流汗，满身发烧，那都不说。再说那后来的人，依法炮制，那花样也不多，也只是东抓抓，西摸摸。弄了五六分钟之后，又过去了。
一过去了可就精神饱满，哈哈大笑着，回头向那后来的人，向那正在艰苦阶段"
龙王,32.2128246,111.9717354,"哪能不出呢？所以就抓住了他的儿子来实行因果报应了。
有的说，那学堂里的学生也太不像样了，有的爬上了老龙王的头顶，给老龙王去戴了一个草帽。这是什么年头，一个毛孩子就敢惹这么大的祸，老龙王怎么会不报应呢？看着"
龙王,32.2128246,111.9717354,"就抓住了他的儿子来实行因果报应了。
有的说，那学堂里的学生也太不像样了，有的爬上了老龙王的头顶，给老龙王去戴了一个草帽。这是什么年头，一个毛孩子就敢惹这么大的祸，老龙王怎么会不报应呢？看着吧，这还不能算了"
龙王,32.2128246,111.9717354,像样了，有的爬上了老龙王的头顶，给老龙王去戴了一个草帽。这是什么年头，一个毛孩子就敢惹这么大的祸，老龙王怎么会不报应呢？看着吧，这还不能算了事，你想龙王爷并不是凡人呵！你若惹了他，他可能够饶了你？那不像对
龙王,32.2128246,111.9717354,"！龙王爷还是惹得的吗？
有的说，那学堂的学生都太不像样了，他说他亲眼看见过，学生们拿了蚕放在大殿上老龙王的手上。你想老龙王哪能够受得了。
有的说，现在的学堂太不好了，有孩子是千万上不得学堂的。一上了学堂就"
南头,22.715776,113.3034906,"也不过是随着季节穿起棉衣来，脱下单衣去地过着。生老病死也都是一声不响地默默地办理。
比方就是东二道街南头，那卖豆芽菜的王寡妇吧：她在房脊上插了一个很高的杆子，杆子头上挑着一个破筐。因为那杆子很高，差不多和"
马屁股,28.7973176,118.4024955,"“妙算”。
提着喷壶在浇花的使女叫：
“花姐”。
再一细看才知道那匹大白马也是有名字的，那名字是贴在马屁股上的，叫：
“千里驹”。
其余的如骡子、狗、鸡、鸭之类没有名字。
那在厨房里拉着面条的“老王”，他身"
柳条,43.6031801,123.8384138,"孩子。
轮到第五个了，这个可分不出来是男孩子，还是女孩子。头是秃的，一只耳朵上挂着钳子，瘦得好像个干柳条，肚子可特别大。看样子也不过五岁。
一伸手，他的手就比其余的四个的都黑得更厉害，其余的四个，虽然他们"
河沟,35.970602,116.3598145,"了。
随着月亮上来的星夜，大昴星也不过是月亮的一个马前卒，让它先跑到一步就是了。
夜一来蛤蟆就叫，在河沟里叫，在洼地里叫。虫子也叫，在院心草棵子里，在城外的大田上，有的叫在人家的花盆里，有的叫在人家的坟头"
万马,,,"点着香，香烟慢慢地旋着。
那女大神多半在香点了一半的时候神就下来了。那神一下来，可就威风不同，好像有万马千军让她领导似的，她全身是劲，她站起来乱跳。
大神的旁边，还有一个二神，当二神的都是男人。他并不混乱"
黄昏时候,22.99481625,120.23117009048723,"街道跑得冒了烟了。
姑娘、媳妇，三个一群，两个一伙，一出了大门，不用问，到哪里去，就都是看河灯去。
黄昏时候的七月，火烧云刚刚落下去，街道上发着微微的白光，唧唧喳喳，把往日的寂静都冲散了，个个街道都活了起来，"
两岸,29.7687396,118.8202777,的，亮通通的，又加上有千万人的观众，这举动实在是不小的。河灯之多，有数不过来的数目，大概是几千百只。两岸上的孩子们，拍手叫绝，跳脚欢迎。大人则都看出了神了，一声不响，陶醉在灯光河色之中。灯光照得河水幽幽的
台,14.8971921,100.83273,"不大容易坐得到的，除非当地的官、绅，别人是不大坐得到的。既不卖票，哪怕你就有钱，也没有办法。
只搭戏台，就搭三五天。
台子的架一竖起来，城里的人就说：
“戏台竖起架子来了。”
一上了棚，人就说：
“戏台"
黑缎绣,,,"有的还把衣服的边上压了条，有的蛋青色的衣裳压了黑条，有的水红洋纱的衣裳压了蓝条，脚上穿了蓝缎鞋，或是黑缎绣花鞋。
鞋上有的绣着蝴蝶，有的绣着蜻蜓，有的绣着莲花，绣着牡丹的，各样的都有。
手里边拿着花手巾。耳"
羞羞答答,,,是做母亲的同时把几个女儿都接来了，那她们的相遇，真仿佛已经隔了三十年了。相见之下，真是不知从何说起，羞羞答答，欲言又止，刚一开口又觉得不好意思，过了一刻工夫，耳脸都发起烧来，于是相对无语，心中又喜又悲。过了一
云子,24.3526033,100.2996622,"信上写着要接她们姊妹回来看戏的。
从那时候起，她们就把要送给姐姐或妹妹的礼物规定好了。
一双黑大绒的云子卷，是亲手做的。或者就在她们的本城和本乡里，有一个出名的染缸房，那染缸房会染出来很好的麻花布来。于是"
乌三八四,,,"上山打猎打了一只雁来腌上，至今还有一只雁大腿，这个也给看戏的姑娘带回去，带回去给公公去喝酒吧。
于是乌三八四的，离走的前一天晚上，真是忙了个不休，就要分散的姊妹们连说个话儿的工夫都没有了。大包小包一大堆。
再"
温文尔雅,,,"将来他打他女人的时候，他的女人也去跳井。女人也跳了井，留下来一大群孩子可怎么办？于是一律不写。只写，温文尔雅，孝顺公婆……
大戏还没有开台，就来了这许多事情。等大戏一开了台，那戏台下边，真是人山人海，拥挤不堪"
台,14.8971921,100.83273,"可怎么办？于是一律不写。只写，温文尔雅，孝顺公婆……
大戏还没有开台，就来了这许多事情。等大戏一开了台，那戏台下边，真是人山人海，拥挤不堪。搭戏台的人，也真是会搭，正选了一块平平坦坦的大沙滩，又光滑，又"
台,14.8971921,100.83273,"公婆……
大戏还没有开台，就来了这许多事情。等大戏一开了台，那戏台下边，真是人山人海，拥挤不堪。搭戏台的人，也真是会搭，正选了一块平平坦坦的大沙滩，又光滑，又干净，使人就是倒在上边，也不会把衣裳沾一丝儿"
西瓜皮,34.80032105,116.0485811321484,"娘的……”
被骂的人若是不搭言，过一回也就了事了，若一搭言，自然也没有好听的。于是两边就打了起来啦，西瓜皮之类就飞了过去。
这来在戏台下看戏的，不料自己竟演起戏来，于是人们一窝蜂似的，都聚在这个真打真骂的活"
阿拉阿拉,,,"开口就骂了人。但是一闹到后来，谁是谁非也就看不出来了。
幸而戏台上的戏子总算沉着，不为所动，还在那里阿拉阿拉地唱。过了一个时候，那打得热闹的也究竟平静了。
再说戏台下边也有一些个调情的，那都是南街豆腐房里的嫂"
南街,36.0737286,111.5089861,"还在那里阿拉阿拉地唱。过了一个时候，那打得热闹的也究竟平静了。
再说戏台下边也有一些个调情的，那都是南街豆腐房里的嫂嫂，或是碾磨房的碾倌磨倌的老婆。碾倌的老婆看上了一个赶马车的车夫。或是豆腐匠看上了开粮米"
中国,35.0000663,104.999955,"虽说是一位妇人，可是又年轻，又漂亮。
这时候，这绅士就应该站起来打着口哨，好表示他是开心的，可是我们中国上一辈的老绅士不会这一套。他另外也有一套，就是他的眼睛似睁非睁的迷离恍惚的望了出去，表示他对她有无限"
河上,27.866225,116.0164181,"匹，所以就坐以待旦。
于是在纸灯笼下边，三个两个的赌钱。赌到天色发白了，该牵着马到河边去饮水去了。在河上，遇到了捉蟹的蟹船。蟹船上的老头说：
“昨天的《打渔杀家》唱得不错，听说今天有《汾河湾》。”
那牵着"
西画画,35.1960341,106.5743656,，哭得实在可怜，满头满脸是汗。有的十二三岁了，也被丢了，问他家住在哪里？他竟说不出所以然来，东指指，西画画，说是他家门口有一条小河沟，那河沟里边出虾米，就叫做“虾沟子”，也许他家那地名就叫“虾沟子”，听了使
河沟,35.970602,116.3598145,二三岁了，也被丢了，问他家住在哪里？他竟说不出所以然来，东指指，西画画，说是他家门口有一条小河沟，那河沟里边出虾米，就叫做“虾沟子”，也许他家那地名就叫“虾沟子”，听了使人莫名其妙。再问他这虾沟子离城多远
北大街,37.0560324,114.50542127369573,"去吧。于是却连大带小的一齐站在庙门口，他们哭的哭，叫的叫，好像小兽似的，警察在看守他们。
娘娘庙是在北大街上，老爷庙和娘娘庙离不了好远。那些烧香的人，虽然说是求子求孙，是先该向娘娘来烧香的，但是人们都以为阴"
中国,35.0000663,104.999955,"想象不到的东西，使我感到这世界上的东西怎么这样多！而且样样好玩，样样新奇。
比方我得到了一包颜料，是中国的大绿，看那颜料闪着金光，可是往指甲上一染，指甲就变绿了，往胳臂上一染，胳臂立刻飞来了一张树叶似的。"
北墙,31.9719109,104.2934626,"么声音，也觉得都远了。大树在风雨里边被吹得呜呜的，好像大树已经被搬到别人家的院子去似的。
韭菜是种在北墙根上，我是坐在韭菜上。北墙根离家里的房子很远的，家里边那闹嚷嚷的声音，也像是来自远方。
我细听了一会"
南河,34.0952518,104.2591304,"热闹，不是看那街上的行人车马，而是心里边想：是不是我将来一个人也可以走得很远？
有一天，他们把我带到南河沿上去了，南河沿离我家本不算远，也不过半里多地。可是因为我是第一次去，觉得实在很远。走出汗来了。走过"
南河,34.0952518,104.2591304,"街上的行人车马，而是心里边想：是不是我将来一个人也可以走得很远？
有一天，他们把我带到南河沿上去了，南河沿离我家本不算远，也不过半里多地。可是因为我是第一次去，觉得实在很远。走出汗来了。走过一个黄土坑，又"
南河,34.0952518,104.2591304,"，就觉得那房子是一色新，不像我家的房子那么陈旧。
我仅仅走了半里多路，我所看见的可太多了。所以觉得这南河沿实在远。问他们：
“到了没有？”
他们说：
“就到的，就到的。”
果然，转过了大营房的墙角，就看见"
河上,27.866225,116.0164181,"来的？走了几年了？
那河太大了，等我走到河边上，抓了一把沙子抛下去，那河水简直没有因此而脏了一点点。河上有船，但是不很多，有的往东去了，有的往西去了。也有的划到河的对岸去的，河的对岸似乎没有人家，而是一片"
大河,31.2763736,105.7761215,"点音响。
我想将来是不是我也可以到那没有人的地方去看一看。
除了我家的后园，还有街道。除了街道，还有大河。除了大河，还有柳条林。除了柳条林，还有更远的，什么也没有的地方，什么也看不见的地方，什么声音也听不"
台,14.8971921,100.83273,"就高兴起来了。觉得这首诗，实在是好，真好听，“处处”该多好听。
还有一首我更喜欢的：
“重重叠叠上楼台，几度呼童扫不开。刚被太阳收拾去，又为明月送将来。”
就这“几度呼童扫不开”，我根本不知道什么意思，"
沙泥土,,,"什么风景呢？东边堆着一堆朽木头，西边扔着一片乱柴火。左门旁排着一大片旧砖头，右门边晒着一片沙泥土。
沙泥土是厨子拿来搭炉灶的，搭好了炉灶，泥土就扔在门边了。若问他还有什么用处吗，我想他也不知道，不过忘了就是"
泥土,27.6812723,85.28715288303343,"着一片乱柴火。左门旁排着一大片旧砖头，右门边晒着一片沙泥土。
沙泥土是厨子拿来搭炉灶的，搭好了炉灶，泥土就扔在门边了。若问他还有什么用处吗，我想他也不知道，不过忘了就是了。
至于那砖头可不知道是干什么的，"
泥土,27.6812723,85.28715288303343,"实门前的那砖头是越来越少的。不用人工，任其自然，过了三年两载也就没有了。
可是目前还是有的。就和那堆泥土同时在晒着太阳，它陪伴着它，它陪伴着它。
除了这个，还有打碎了的大缸扔在墙边上，大缸旁边还有一个破了"
东壁,36.1540863,112.7823935,"得很远，是凡它所经过的那条土地，都被它染得焦黄。



二
我家是荒凉的。
一进大门，靠着大门洞子的东壁是三间破房子，靠着大门洞子的西壁仍是三间破房子。再加上一个大门洞，看起来是七间连着串，外表上似乎是很"
耗子,27.92597,111.700225,"停在那里。这房子的外表，似乎不坏。
但我看它内容空虚。
西边的三间，自家用为装粮食的，粮食没有多少，耗子可是成群了。
粮食仓子底下让耗子咬出洞来，耗子的全家在吃着粮食。耗子在下边吃，麻雀在上边吃。全屋都是"
西壁,26.8609187,99.9299071,"下边吃，麻雀在上边吃。全屋都是土腥气。窗子坏了，用板钉起来，门也坏了，每一开就颤抖抖的。
靠着门洞子西壁的三间房，是租给一家养猪的。那屋里屋外没有别的，都是猪了。大猪小猪，猪槽子，猪粮食。来往的人也都是猪"
西南角,39.1363036,117.1670429,"团圆聚，
孟姜女的丈夫去修长城。
只要是一个晴天，粉丝一挂起来了，这歌音就听得见的。因为那破草房是在西南角上，所以那声音比较来得遥远。偶尔也有装腔女人的音调在唱“五更天”。
那草房实在是不行了，每下一次大雨"
北头,28.9720427,116.3558686,"那声音比较来得遥远。偶尔也有装腔女人的音调在唱“五更天”。
那草房实在是不行了，每下一次大雨，那草房北头就要多加一根支柱，那支柱已经有七八根之多了，但是房子还是天天的往北边歪。越歪越厉害，我一看了就害怕，"
大儿,23.2665,106.106,"。
那终年生病的老太太是祖母，她有两个儿子，大儿子是赶车的，二儿子也是赶车的。一个儿子都有一个媳妇。大儿媳妇胖胖的，年已五十了。二儿媳妇瘦瘦的，年已四十了。
除了这些，老太太还有两个孙儿，大孙儿是二儿子的"
南大坑,24.9792771,121.7057987,"呢？
于是凡有善心的人都帮起忙来。他说他有一个偏方，她说她有一个邪令。
有的主张给她扎一个谷草人，到南大坑去烧了。
有的主张到扎彩铺去扎一个纸人，叫做“替身”，把它烧了或者可以替了她。
有的主张给她画上花脸"
脚痛,29.5773863,105.0458963,"”药铺的先生也常常用这个方单，是一用就好的，百试百灵。无管男女老幼，一吃一个好。也无管什么病，头痛、脚痛、肚子痛、五脏六腑痛，跌、打、刀伤，生疮、生疔、生疖子……
不管什么病，药到病除。
这究竟是什么药呢"
泰山,36.1930772,117.1289741,"的一种药。
他说：
“年老的人吃了，眼花缭乱，又恢复到了青春。”
“年轻的人吃了，力气之大，可以搬动泰山。”
“妇女吃了，不用胭脂粉，就可以面如桃花。”
“小孩子吃了，八岁可以拉弓，九岁可以射箭，十二岁可"
山东,36.398987,118.5055691,"道他可不是市井上一般的平凡的人。别人正想要问，还不等开口，他就说他是某山上的道人，他下山来是为的奔向山东的泰山去，谁知路出波折，缺少盘程，就流落在这呼兰河的左右，已经不下半年之久了。
人家问他，既是道人，"
泰山,36.1930772,117.1289741,"不是市井上一般的平凡的人。别人正想要问，还不等开口，他就说他是某山上的道人，他下山来是为的奔向山东的泰山去，谁知路出波折，缺少盘程，就流落在这呼兰河的左右，已经不下半年之久了。
人家问他，既是道人，为什么"
云游,,,"穿了道人的衣裳，他就说三问四。他们那些叛道的人，无理可讲，说抓就抓，说拿就拿。”
他还有一个别号，叫云游真人，他说一提云游真人，远近皆知。无管什么病痛或是吉凶，若一抽了他的帖儿，则生死存亡就算定了。他说他"
云游,,,"就说三问四。他们那些叛道的人，无理可讲，说抓就抓，说拿就拿。”
他还有一个别号，叫云游真人，他说一提云游真人，远近皆知。无管什么病痛或是吉凶，若一抽了他的帖儿，则生死存亡就算定了。他说他的帖法，是张天师所"
云游,,,"也简单、容易，她想赶快抽一帖出来看看，命定是死是活，多半也可以看出来个大概。不曾想，刚一伸出手去，那云游真人就说：
“每帖十吊钱，抽着蓝的，若嫌不好，还可以再抽，每帖十吊……”
团圆媳妇的婆婆一听，这才恍"
云游,,,"绳钱啦，腿带钱的托人捎去，一年一个空，这几年来就紧得不得了。想养几个鸡，都狠心没有养。
现在这抽帖的云游真人坐在她的眼前，一帖又是十吊钱。若是先不提钱，先让她把帖抽了，哪管抽完了再要钱呢，那也总算是没有花"
云游,,,"她见过不少的世面了。说话虽然高兴，说去见阎王也不怎样悲哀，似乎一时也总像见不了的样子。
于是她就问那云游真人，两帖抽的都不好。是否可以想一个方法可以破一破？云游真人就说了：
“拿笔拿墨来。”
她家本也没有"
云游,,,"，似乎一时也总像见不了的样子。
于是她就问那云游真人，两帖抽的都不好。是否可以想一个方法可以破一破？云游真人就说了：
“拿笔拿墨来。”
她家本也没有笔，大孙子媳妇就跑到大门洞子旁边那粮米铺去借去了。
粮米"
山东,36.398987,118.5055691,"就说了：
“拿笔拿墨来。”
她家本也没有笔，大孙子媳妇就跑到大门洞子旁边那粮米铺去借去了。
粮米铺的山东女老板，就用山东腔问她：
“你家做啥？”
大孙子媳妇说：
“给弟妹画病。”
女老板又说：
“你家的弟"
山东,36.398987,118.5055691,"拿墨来。”
她家本也没有笔，大孙子媳妇就跑到大门洞子旁边那粮米铺去借去了。
粮米铺的山东女老板，就用山东腔问她：
“你家做啥？”
大孙子媳妇说：
“给弟妹画病。”
女老板又说：
“你家的弟妹，这一病就可不"
云游,,,"拿着笔就跑，可是人家关心，怎好不答，于是去了好几袋烟的工夫，还不见回来。
等她抱了砚台回来的时候，那云游真人，已经把红纸都撕好了。于是拿起笔来，在他撕好的四块红纸上，一块上边写了一个大字，那红纸条也不过半"
云游,,,"不认识，大概这个字一定也坏不了，不然，就用这个字怎么能破开一个人不见阎王呢？于是都一齐点头称好。
那云游真人又命拿糨糊来。她们家终年不用糨糊，糨糊多么贵，白面十多吊钱一斤。都是用黄米饭粒来黏鞋面的。
大孙"
黄黏,31.4453041,118.0525188,"家终年不用糨糊，糨糊多么贵，白面十多吊钱一斤。都是用黄米饭粒来黏鞋面的。
大孙子媳妇到锅里去铲了一块黄黏米饭来。云游真人，就用饭粒贴在红纸上了。于是掀开团圆媳妇蒙在头上的破棉袄，让她拿出手来，一个手心上给"
云游,,,"糊，糨糊多么贵，白面十多吊钱一斤。都是用黄米饭粒来黏鞋面的。
大孙子媳妇到锅里去铲了一块黄黏米饭来。云游真人，就用饭粒贴在红纸上了。于是掀开团圆媳妇蒙在头上的破棉袄，让她拿出手来，一个手心上给她贴一张。又"
云游,,,"媳妇蒙在头上的破棉袄，让她拿出手来，一个手心上给她贴一张。又让她脱了袜子，一只脚心上给她贴上一张。
云游真人一见，脚心上有一大片白色的疤痕，他一想就是方才她婆婆所说的用烙铁给她烙的。可是他假装不知，问说："
云游,,,"她记不住，我就给她烙一烙。好在也没什么，小孩子肉皮活，也就是十天半月的下不来地，过后也就好了。”
那云游真人想了一想，好像要吓唬她一下，就说这脚心的疤，虽然是贴了红帖，也怕贴不住，阎王爷是什么都看得见的，"
云游,,,"然是贴了红帖，也怕贴不住，阎王爷是什么都看得见的，这疤怕是就给了阎王爷以特殊的记号，有点不大好办。
云游真人说完了，看一看她们怕不怕，好像是不怎样怕。
于是他就说得严重一些：
“这疤不掉，阎王爷在三天之内"
云游,,,"再准也没有的了，这红帖也绝没有用处。”
他如此地吓唬着她们，似乎她们从奶奶婆婆到孙子媳妇都不大怕。那云游真人，连想也没有想，于是开口就说：
“阎王爷不但要捉团圆媳妇去，还要捉了团圆媳妇的婆婆去，现世现报，"
云游,,,"嗦，这是多么骇人听闻的事情，虐待媳妇世界上能有这样的事情吗？
于是团圆媳妇的婆婆赶快跪下了，面向着那云游真人，眼泪一对一双地往下落：
“这都是我一辈子没有积德，有孽遭到儿女的身上，我哀告真人，请真人诚心地"
云游,,,"孽遭到儿女的身上，我哀告真人，请真人诚心地给我化散化散，借了真人的灵法，让我的媳妇死里逃生吧。”
那云游真人立刻就不说见阎王了，说她的媳妇一定见不了阎王，因为他还有一个办法一办就好的；说来这法子也简单得很"
云游,,,"脚心上画了。一边画着还嘴里嘟嘟地念着咒语。这一画不知费了多大力气，旁边看着的人倒觉十分地容易，可是那云游真人却冒了满头的汗，他故意地咬牙切齿，皱面瞪眼。这一画也并不是容易的事情，好像他在上刀山似的。
画完"
云游,,,"对折吧，就算五吊钱一只脚心，一共画了两只脚心，又是十吊。
二十吊加二十吊，再加十吊。一共是五十吊。
云游真人拿了这五十吊钱乐乐呵呵地走了。
团圆媳妇的婆婆，在她刚要抽帖的时候，一听每帖十吊钱，她就心痛得了"
北炕,32.4549551,97.9344141,"了，也假装没有听到，好表示这买红花可到底不是她的意思，可并不是她的主使，她可没有让他们去买红花。
在北炕上，祖孙二人商量了一会，孙子说向她妈去要钱去。祖母说：
“拿你奶奶的钱先去买吧，你妈好了再还我。”"
云游,,,"今天有两块豆腐吃，哪天一高兴还有两块吃的！三吊钱才买了一吊钱的红花呀！
现在她一遭就拿了五十吊钱给了云游真人。若照她的想法来说，这五十吊钱可该买多少豆腐了呢？
但是她没有想，一方面因为团圆媳妇的病也实在病"
云游,,,"但是她没有想，一方面因为团圆媳妇的病也实在病得缠绵，在她身上花钱也花得大手大脚的了。另一方面就是那云游真人的来势也过于猛了点，竟打抱起不平来，说她虐待团圆媳妇。还是赶快地给了他钱，让他滚蛋吧。
真是家里"
溯呼兰,45.9733487,126.6013646,"绅，认为已经满意了，而且请了一位满清的翰林，作了一首歌，歌曰：
5553　3511　2112　2…
溯呼兰　天然森林　自古多奇才
这首歌还配上了从东洋流来的乐谱，使当地的小学都唱着。这歌不止这两句这么短，不"
柳条,43.6031801,123.8384138,"，猪在栏里边睡觉，全呼兰河都睡着了。
只有远远的狗叫，那或许是从白旗屯传来的，或者是从呼兰河的南岸那柳条林子里的野狗的叫唤。总之，那声音是来得很远，那已经是呼兰河城以外的事情了。而呼兰河全城，就都一齐睡着"
马当,29.9880878,116.6529712,"是不饮不食地昏睡，要好起来的现象一点也没有。
于是又找了大神来，大神这次不给她治了，说这团圆媳妇非出马当大神不可。
于是又采用了正式的赶鬼的方法，到扎彩铺去，扎了一个纸人，而后给纸人缝起布衣来穿上——穿布"
南河,34.0952518,104.2591304,"擦脂抹粉，手里提着花手巾，很是好看，穿了满身花洋布的衣裳，打扮成一个十七八岁的大姑娘。用人抬着，抬到南河沿旁边那大土坑去烧了。
这叫做烧“替身”，据说把这“替身”一烧了，她可以替代真人，真人就可以不死。"
南大,32.0565957,118.77408832807794,"着表示虔诚，她还特意地请了几个吹鼓手，前边用人举着那扎彩人，后边跟着几个吹鼓手，呜喇哇、呜喇哇地向着南大土坑走去了。
那景况说热闹也很热闹，喇叭曲子吹的是句句双。说凄凉也很凄凉，前边一个扎彩人，后边三五个"
武大,30.537354049999998,114.36152031917142,"手里拿着蝇甩子，东甩一下，西甩一下。
若有人问他的蝇甩子是马鬃的还是马尾的？他就说：
“啥人玩啥鸟，武大郎玩鸭子……马鬃，都是贵东西，那是穿绸穿缎的人拿着，腕上戴着藤萝镯，指上戴着大攀指。什么人玩什么物。"
脚来,24.0833,106.067,"，那砖头又落到原来的地方。
有二伯走在院子里，天空飞着的麻雀或是燕子若落了一点粪在他的身上，他就停下脚来，站在那里不走了。他扬着头。他骂着那早已飞过去了的雀子，大意是：那雀子怎样怎样不该把粪落在他身上，应"
二爷,,,"是一开口“有二爷”，一闭口“有二爷”的叫着。
“有二爷的蝇甩子……”
“有二爷的烟袋锅子……”
“有二爷的烟荷包……”
“有二爷的烟荷包疙瘩……”
“有二爷吃饭啦……”
“有二爷，天下雨啦……”
“有二爷"
二爷,,,"口“有二爷”的叫着。
“有二爷的蝇甩子……”
“有二爷的烟袋锅子……”
“有二爷的烟荷包……”
“有二爷的烟荷包疙瘩……”
“有二爷吃饭啦……”
“有二爷，天下雨啦……”
“有二爷快看吧，院子里的狗打仗啦"
日,,,"东大桥吗？
他说：
“有啥不敢的，你二伯就是愧心事不敢做，别的都敢。”
有二伯常常说，跑毛子的时候（日俄战时）他怎样怎样地胆大，全城都跑空了，我们家也跑空了。那毛子拿着大马刀在街上跑来跑去，骑在马身上。"
俄,,,"大桥吗？
他说：
“有啥不敢的，你二伯就是愧心事不敢做，别的都敢。”
有二伯常常说，跑毛子的时候（日俄战时）他怎样怎样地胆大，全城都跑空了，我们家也跑空了。那毛子拿着大马刀在街上跑来跑去，骑在马身上。那"
云彩,24.980103,121.4154154,菜园上的各种秧棵完全挂满了白霜，老榆树全身的叶子已经没有多少了，可是秋风还在摇动着它。天空是发灰的，云彩也失了形状，好像被洗过砚台的水盆，有深有浅，混沌沌的。这样的云彩，有的带来了雨点，有时带来了细雪。
俄国,,,"，他自己半夜三更的就讲起话来。
“说我怕‘死’我也不是吹，叫过仨俩来看看！问问他们见过‘死’没有！那俄国毛子的大马刀闪光湛亮，说杀就杀，说砍就砍。那些胆大的，不怕死的，一听说俄国毛子来了，只顾逃命，连家业"
俄国,,,问问他们见过‘死’没有！那俄国毛子的大马刀闪光湛亮，说杀就杀，说砍就砍。那些胆大的，不怕死的，一听说俄国毛子来了，只顾逃命，连家业也不要了。那时候，若不是这胆小的给他守着，怕是跑毛子回来连条裤子都没有穿的
俄国,,,"到肋条上，黑心痢，铁面人，……”
“……说我怕死，我也不是吹，兵马刀枪我见过，霹雷黄风我见过。就说那俄国毛子的大马刀吧，见人就砍，可是我也没有怕过，说我怕死……介年头是啥年头……”
那东厢房里，有二伯一套"
河沟,35.970602,116.3598145,"，见人就砍，可是我也没有怕过，说我怕死……介年头是啥年头……”
那东厢房里，有二伯一套套地讲着，又是河沟涨水了，水涨得多么大，别人没有敢过的，有二伯说他敢过。又是什么时候有一次着大火，别人都逃了，有二伯上"
西公园,33.5976697,130.37553636722197,"到半路，老厨子蹑手蹑脚地，提着筐子就溜了，回到屋里去烧饭去了。
这时冯歪嘴子还在磨房里大声地说：
“西公园来了跑马戏的，我还没得空去看，你去看过了吗？老王。”
其实后花园里一个人也没有了，蜻蜓，蝴蝶随意地飞"
南头,22.715776,113.3034906,"祖父往一边推着我，似乎他在思索的样子。我又说：
“那炕上还睡着一个小孩呢！”
祖父答应了让他搬到磨房南头那个装草的房子里去暂住。
冯歪嘴子一听，连忙就站起来了，说：
“道谢，道谢。”
一边说着，他的眼睛又"
上屋,22.6921454,113.9336777,"太把面口袋接到手里说：
“可冻死我了，你赶快搬吧，我可没工夫跟你吵了……”
说着开了门缩着肩膀就跑回上屋去了。
王四掌柜的，就是冯歪嘴子的东家，他请祖父到上屋去喝茶。
我们坐在上屋的炕上，一边烤着炭火盆，"
上屋,22.6921454,113.9336777,"没工夫跟你吵了……”
说着开了门缩着肩膀就跑回上屋去了。
王四掌柜的，就是冯歪嘴子的东家，他请祖父到上屋去喝茶。
我们坐在上屋的炕上，一边烤着炭火盆，一边听到磨房里的那小孩的哭声。
祖父问我的手烤暖了没有"
上屋,22.6921454,113.9336777,"说着开了门缩着肩膀就跑回上屋去了。
王四掌柜的，就是冯歪嘴子的东家，他请祖父到上屋去喝茶。
我们坐在上屋的炕上，一边烤着炭火盆，一边听到磨房里的那小孩的哭声。
祖父问我的手烤暖了没有？我说还没烤暖，祖父说"
南头,22.715776,113.3034906,"。我越想越可笑，也就越高兴。
于是连喊带叫地也就跑到家了。



四
下半天冯歪嘴子就把小孩搬到磨房南头那草棚子里去了。
那小孩哭的声音很大，好像他并不是刚刚出生，好像他已经长大了的样子。
那草房里吵得不"
膀大腰圆,,,"提着筐子前边走了，后边的人就都指指画画地说她的好处。
老厨子说她大鼻子大眼睛长得怪好的。
有二伯说她膀大腰圆的带点福相。
母亲说她：
“我没有这么大的儿子，有儿子我娶她，这姑娘真响亮。”
同院住的老周家三奶奶"
草中,31.0948541,121.4300235,"是草，地上是草，炕上也是草，草捆子堆得房梁上去了。那小炕本来不大，又都叫草捆子给占满了。那小孩也就在草中偎了个草窝，铺着草盖着草地就睡着了。
我越看越觉得好玩，好像小孩睡在喜鹊窝里了似的。
到了晚上，我又"
煤油灯,31.72357895,119.8209938384397,"我说：
“那不是王大姐吗？”
祖父说：
“嗯。”
祖父是什么也不问，什么也不听的样子。
等到了晚上在煤油灯的下边，我家全体的人都聚集了的时候，那才热闹呢！连说带讲的。这个说，王大姑娘这么的。那个说王大姑娘那"
北边,27.4984881,115.0208503,"。”
说完了，她庄庄严严地坐在那里。
我家的屋子太热，杨老太太一进屋来就把脸热得通红。母亲连忙打开了北边的那通气窗。
通气窗一开，那草棚子里的小孩的哭声就听见了，那哭声特别吵闹。
“听听啦。”母亲说，“这"
看上吊,38.9238811,103.6574602,"的人不知多少。
西院老杨家就有三十多口人，小孩不算在内，若算在内也有四十口了。就单说这三十多人若都来看上吊的冯歪嘴子，岂不把我家的那小草棚挤翻了吗！就说他家那些人中有的老的病的，不能够来，就说最低限度来上十"
中国,35.0000663,104.999955,"，又要花钱，又要买票。
所以呼兰河城里凡是一有跳井投河的，或是上吊的，那看热闹的人就特别多，我不知道中国别的地方是否这样，但在我的家乡确是这样的。
投了河的女人，被打捞上来了，也不赶快地埋，也不赶快地葬，"
云彩,24.980103,121.4154154,"、马头、狗群。这一些云彩一到了八月，就都没有。那满天红彤彤的，那满天金黄的、满天绛紫的、满天朱砂色的云彩，一齐都没有了，无论早晨或黄昏，天空就再也没有它们了，就再也看不见它们了。
八月的天空是静悄悄的，一"
